<metadata xml:lang="ca"><Esri><CreaDate>20260213</CreaDate><CreaTime>08032000</CreaTime><ArcGISFormat>1.0</ArcGISFormat><SyncOnce>FALSE</SyncOnce><DataProperties><itemProps><itemName Sync="TRUE">Parcelles_fetes_20250213</itemName><imsContentType Sync="TRUE">002</imsContentType><itemSize Sync="TRUE">0.000</itemSize><itemLocation><linkage Sync="TRUE">file://\\DESKTOP-7L006FM\C$\Albert\Teletreball\GeoVeg\EstatConservacioHAB\Cartografia\Parcelles_fetes_20250213\MHTCv3_boscos_RegionsHIC\Parcelles_fetes_20250213.shp</linkage><protocol Sync="TRUE">Local Area Network</protocol></itemLocation></itemProps><coordRef><type Sync="TRUE">Projected</type><geogcsn Sync="TRUE">GCS_ETRS_1989</geogcsn><csUnits Sync="TRUE">Linear Unit: Meter (1.000000)</csUnits><projcsn Sync="TRUE">ETRS_1989_UTM_Zone_31N</projcsn><peXml Sync="TRUE">&lt;ProjectedCoordinateSystem xsi:type='typens:ProjectedCoordinateSystem' xmlns:xsi='http://www.w3.org/2001/XMLSchema-instance' xmlns:xs='http://www.w3.org/2001/XMLSchema' xmlns:typens='http://www.esri.com/schemas/ArcGIS/3.5.0'&gt;&lt;WKT&gt;PROJCS[&amp;quot;ETRS_1989_UTM_Zone_31N&amp;quot;,GEOGCS[&amp;quot;GCS_ETRS_1989&amp;quot;,DATUM[&amp;quot;D_ETRS_1989&amp;quot;,SPHEROID[&amp;quot;GRS_1980&amp;quot;,6378137.0,298.257222101]],PRIMEM[&amp;quot;Greenwich&amp;quot;,0.0],UNIT[&amp;quot;Degree&amp;quot;,0.0174532925199433]],PROJECTION[&amp;quot;Transverse_Mercator&amp;quot;],PARAMETER[&amp;quot;False_Easting&amp;quot;,500000.0],PARAMETER[&amp;quot;False_Northing&amp;quot;,0.0],PARAMETER[&amp;quot;Central_Meridian&amp;quot;,3.0],PARAMETER[&amp;quot;Scale_Factor&amp;quot;,0.9996],PARAMETER[&amp;quot;Latitude_Of_Origin&amp;quot;,0.0],UNIT[&amp;quot;Meter&amp;quot;,1.0],AUTHORITY[&amp;quot;EPSG&amp;quot;,25831]]&lt;/WKT&gt;&lt;XOrigin&gt;-5120900&lt;/XOrigin&gt;&lt;YOrigin&gt;-9998100&lt;/YOrigin&gt;&lt;XYScale&gt;450445547.3910538&lt;/XYScale&gt;&lt;ZOrigin&gt;-100000&lt;/ZOrigin&gt;&lt;ZScale&gt;10000&lt;/ZScale&gt;&lt;MOrigin&gt;-100000&lt;/MOrigin&gt;&lt;MScale&gt;10000&lt;/MScale&gt;&lt;XYTolerance&gt;0.001&lt;/XYTolerance&gt;&lt;ZTolerance&gt;0.001&lt;/ZTolerance&gt;&lt;MTolerance&gt;0.001&lt;/MTolerance&gt;&lt;HighPrecision&gt;true&lt;/HighPrecision&gt;&lt;WKID&gt;25831&lt;/WKID&gt;&lt;LatestWKID&gt;25831&lt;/LatestWKID&gt;&lt;/ProjectedCoordinateSystem&gt;</peXml></coordRef><lineage><Process ToolSource="c:\program files\arcgis\pro\Resources\ArcToolbox\toolboxes\Data Management Tools.tbx\CopyFeatures" Date="20260213" Time="080320">CopyFeatures in_memory/table_merged_intermediate C:\Albert\Teletreball\GeoVeg\EstatConservacioHAB\Cartografia\Parcelles_fetes_20250213\MHTCv3_boscos_RegionsHIC\Parcelles_fetes_20250213.shp # # # #</Process><Process ToolSource="c:\program files\arcgis\pro\Resources\ArcToolbox\toolboxes\Data Management Tools.tbx\AddSpatialIndex" Date="20260213" Time="080320">AddSpatialIndex C:\Albert\Teletreball\GeoVeg\EstatConservacioHAB\Cartografia\Parcelles_fetes_20250213\MHTCv3_boscos_RegionsHIC\Parcelles_fetes_20250213.shp 0 0 0</Process><Process ToolSource="c:\program files\arcgis\pro\Resources\ArcToolbox\toolboxes\Data Management Tools.tbx\XYTableToPoint" Date="20260213" Time="080321">XYTableToPoint C:\Albert\Teletreball\GeoVeg\EstatConservacioHAB\Cartografia\Parcelles_fetes_20250213\Parcelles_fetes_20250213.xlsx\punts_mostreig_estatconservacio$ C:\Albert\Teletreball\GeoVeg\EstatConservacioHAB\Cartografia\Parcelles_fetes_20250213\MHTCv3_boscos_RegionsHIC\Parcelles_fetes_20250213.shp x_utm y_utm # "PROJCS["ETRS_1989_UTM_Zone_31N",GEOGCS["GCS_ETRS_1989",DATUM["D_ETRS_1989",SPHEROID["GRS_1980",6378137.0,298.257222101]],PRIMEM["Greenwich",0.0],UNIT["Degree",0.0174532925199433]],PROJECTION["Transverse_Mercator"],PARAMETER["False_Easting",500000.0],PARAMETER["False_Northing",0.0],PARAMETER["Central_Meridian",3.0],PARAMETER["Scale_Factor",0.9996],PARAMETER["Latitude_Of_Origin",0.0],UNIT["Meter",1.0]];-5120900 -9998100 10000;-100000 10000;-100000 10000;0.001;0.001;0.001;IsHighPrecision"</Process><Process ToolSource="c:\program files\arcgis\pro\Resources\ArcToolbox\toolboxes\Analysis Tools.tbx\Identity" Date="20260213" Time="081121">Identity C:\Albert\Teletreball\GeoVeg\EstatConservacioHAB\Cartografia\Parcelles_fetes_20250213\MHTCv3_boscos_RegionsHIC\Parcelles_fetes_20250213.shp C:\Albert\Teletreball\GeoVeg\EstatConservacioHAB\Cartografia\Parcelles_fetes_20250213\MHTCv3_boscos_RegionsHIC\MHTCv3_boscos_RegionsHIC.shp C:\Albert\Teletreball\GeoVeg\EstatConservacioHAB\Cartografia\EC_Habitats_disseny_mostreig.gdb\mapes_ETRS89\Parcelles_fetes_20250213 ALL # NO_RELATIONSHIPS</Process><Process ToolSource="c:\program files\arcgis\pro\Resources\ArcToolbox\toolboxes\Data Management Tools.tbx\UpdateSchema" Date="20260213" Time="081246">UpdateSchema "CIMDATA=&lt;CIMFeatureDatasetDataConnection xsi:type='typens:CIMFeatureDatasetDataConnection' xmlns:xsi='http://www.w3.org/2001/XMLSchema-instance' xmlns:xs='http://www.w3.org/2001/XMLSchema' xmlns:typens='http://www.esri.com/schemas/ArcGIS/3.5.0'&gt;&lt;FeatureDataset&gt;mapes_ETRS89&lt;/FeatureDataset&gt;&lt;WorkspaceFactory&gt;FileGDB&lt;/WorkspaceFactory&gt;&lt;Dataset&gt;Parcelles_fetes_20250213&lt;/Dataset&gt;&lt;DatasetType&gt;esriDTFeatureClass&lt;/DatasetType&gt;&lt;/CIMFeatureDatasetDataConnection&gt;" &lt;operationSequence&gt;&lt;workflow&gt;&lt;DeleteField&gt;&lt;field_name&gt;FID_Parcelles_fetes_20250213&lt;/field_name&gt;&lt;field_name&gt;id&lt;/field_name&gt;&lt;field_name&gt;codi&lt;/field_name&gt;&lt;field_name&gt;tipus&lt;/field_name&gt;&lt;field_name&gt;categoria&lt;/field_name&gt;&lt;field_name&gt;habitat&lt;/field_name&gt;&lt;field_name&gt;x_utm&lt;/field_name&gt;&lt;field_name&gt;y_utm&lt;/field_name&gt;&lt;field_name&gt;regbio&lt;/field_name&gt;&lt;field_name&gt;FID_MHTCv3_boscos_RegionsHIC&lt;/field_name&gt;&lt;/DeleteField&gt;&lt;/workflow&gt;&lt;/operationSequence&gt;</Process><Process ToolSource="c:\program files\arcgis\pro\Resources\ArcToolbox\toolboxes\Data Management Tools.tbx\UpdateSchema" Date="20260213" Time="081302">UpdateSchema "CIMDATA=&lt;CIMFeatureDatasetDataConnection xsi:type='typens:CIMFeatureDatasetDataConnection' xmlns:xsi='http://www.w3.org/2001/XMLSchema-instance' xmlns:xs='http://www.w3.org/2001/XMLSchema' xmlns:typens='http://www.esri.com/schemas/ArcGIS/3.5.0'&gt;&lt;FeatureDataset&gt;mapes_ETRS89&lt;/FeatureDataset&gt;&lt;WorkspaceFactory&gt;FileGDB&lt;/WorkspaceFactory&gt;&lt;Dataset&gt;Parcelles_fetes_20250213&lt;/Dataset&gt;&lt;DatasetType&gt;esriDTFeatureClass&lt;/DatasetType&gt;&lt;/CIMFeatureDatasetDataConnection&gt;" &lt;operationSequence&gt;&lt;workflow&gt;&lt;DeleteField&gt;&lt;field_name&gt;Shape_Leng&lt;/field_name&gt;&lt;/DeleteField&gt;&lt;/workflow&gt;&lt;/operationSequence&gt;</Process><Process ToolSource="c:\program files\arcgis\pro\Resources\ArcToolbox\toolboxes\Conversion Tools.tbx\ExportFeatures" Date="20260213" Time="081432">ExportFeatures C:\Albert\Teletreball\GeoVeg\EstatConservacioHAB\Cartografia\EC_Habitats_disseny_mostreig.gdb\mapes_ETRS89\Parcelles_fetes_20250213 C:\Albert\Teletreball\GeoVeg\EstatConservacioHAB\Cartografia\Parcelles_fetes_20250213\MHTCv3_boscos_RegionsHIC\Parcelles_fetes_20250213.shp # NOT_USE_ALIAS "data_geove "data_geove" true true false 8 Date 0 0,First,#,C:\Albert\Teletreball\GeoVeg\EstatConservacioHAB\Cartografia\EC_Habitats_disseny_mostreig.gdb\mapes_ETRS89\Parcelles_fetes_20250213,data_geove,-1,-1;data_creaf "data_creaf" true true false 8 Date 0 0,First,#,C:\Albert\Teletreball\GeoVeg\EstatConservacioHAB\Cartografia\EC_Habitats_disseny_mostreig.gdb\mapes_ETRS89\Parcelles_fetes_20250213,data_creaf,-1,-1;COD_CORINE "COD_CORINE" true true false 20 Text 0 0,First,#,C:\Albert\Teletreball\GeoVeg\EstatConservacioHAB\Cartografia\EC_Habitats_disseny_mostreig.gdb\mapes_ETRS89\Parcelles_fetes_20250213,COD_CORINE,0,19;CORINE_CA "CORINE_CA" true true false 254 Text 0 0,First,#,C:\Albert\Teletreball\GeoVeg\EstatConservacioHAB\Cartografia\EC_Habitats_disseny_mostreig.gdb\mapes_ETRS89\Parcelles_fetes_20250213,CORINE_CA,0,253;COD_HIC "COD_HIC" true true false 6 Text 0 0,First,#,C:\Albert\Teletreball\GeoVeg\EstatConservacioHAB\Cartografia\EC_Habitats_disseny_mostreig.gdb\mapes_ETRS89\Parcelles_fetes_20250213,COD_HIC,0,5;HIC_CA "HIC_CA" true true false 254 Text 0 0,First,#,C:\Albert\Teletreball\GeoVeg\EstatConservacioHAB\Cartografia\EC_Habitats_disseny_mostreig.gdb\mapes_ETRS89\Parcelles_fetes_20250213,HIC_CA,0,253;Llista_ver "Llista_ver" true true false 254 Text 0 0,First,#,C:\Albert\Teletreball\GeoVeg\EstatConservacioHAB\Cartografia\EC_Habitats_disseny_mostreig.gdb\mapes_ETRS89\Parcelles_fetes_20250213,Llista_ver,0,253;Codi_grup "Codi_grup" true true false 254 Text 0 0,First,#,C:\Albert\Teletreball\GeoVeg\EstatConservacioHAB\Cartografia\EC_Habitats_disseny_mostreig.gdb\mapes_ETRS89\Parcelles_fetes_20250213,Codi_grup,0,253;Arbre_domi "Arbre_domi" true true false 254 Text 0 0,First,#,C:\Albert\Teletreball\GeoVeg\EstatConservacioHAB\Cartografia\EC_Habitats_disseny_mostreig.gdb\mapes_ETRS89\Parcelles_fetes_20250213,Arbre_domi,0,253;Radi_buffe "Radi_buffe" true true false 8 Double 0 0,First,#,C:\Albert\Teletreball\GeoVeg\EstatConservacioHAB\Cartografia\EC_Habitats_disseny_mostreig.gdb\mapes_ETRS89\Parcelles_fetes_20250213,Radi_buffe,-1,-1;RegioHIC "RegioHIC" true true false 254 Text 0 0,First,#,C:\Albert\Teletreball\GeoVeg\EstatConservacioHAB\Cartografia\EC_Habitats_disseny_mostreig.gdb\mapes_ETRS89\Parcelles_fetes_20250213,RegioHIC,0,253" #</Process><Process ToolSource="c:\program files\arcgis\pro\Resources\ArcToolbox\Toolboxes\Data Management Tools.tbx\Rename" Date="20260213" Time="082532">Rename C:\Albert\Teletreball\GeoVeg\EstatConservacioHAB\Cartografia\Parcelles_fetes_20250213\MHTCv3_boscos_RegionsHIC\Parcelles_fetes_20250213.shp C:\Albert\Teletreball\GeoVeg\EstatConservacioHAB\Cartografia\Parcelles_fetes_20250213\MHTCv3_boscos_RegionsHIC\Parcelles_fetes_20260213.shp ShapeFile</Process></lineage></DataProperties><SyncDate>20260213</SyncDate><SyncTime>08143200</SyncTime><ModDate>20260213</ModDate><ModTime>08143200</ModTime></Esri><dataIdInfo><envirDesc Sync="TRUE">Microsoft Windows 10 Version 10.0 (Build 26100) ; Esri ArcGIS 13.5.0.57366</envirDesc><dataLang><languageCode value="cat" Sync="TRUE"></languageCode><countryCode value="ESP" Sync="TRUE"></countryCode></dataLang><idCitation><resTitle Sync="TRUE">Parcelles_fetes_20250213</resTitle><presForm><PresFormCd value="005" Sync="TRUE"></PresFormCd></presForm></idCitation><spatRpType><SpatRepTypCd value="001" Sync="TRUE"></SpatRepTypCd></spatRpType></dataIdInfo><mdLang><languageCode value="cat" Sync="TRUE"></languageCode><countryCode value="ESP" Sync="TRUE"></countryCode></mdLang><mdChar><CharSetCd value="004" Sync="TRUE"></CharSetCd></mdChar><distInfo><distFormat><formatName Sync="TRUE">Shapefile</formatName></distFormat><distTranOps><transSize Sync="TRUE">0.000</transSize></distTranOps></distInfo><mdHrLv><ScopeCd value="005" Sync="TRUE"></ScopeCd></mdHrLv><mdHrLvName Sync="TRUE">dataset</mdHrLvName><refSysInfo><RefSystem><refSysID><identCode code="25831" Sync="TRUE"></identCode><idCodeSpace Sync="TRUE">EPSG</idCodeSpace><idVersion Sync="TRUE">4.3(4.0.0)</idVersion></refSysID></RefSystem></refSysInfo><spatRepInfo><VectSpatRep><geometObjs Name="Parcelles_fetes_20250213"><geoObjTyp><GeoObjTypCd value="004" Sync="TRUE"></GeoObjTypCd></geoObjTyp><geoObjCnt Sync="TRUE">0</geoObjCnt></geometObjs><topLvl><TopoLevCd value="001" Sync="TRUE"></TopoLevCd></topLvl></VectSpatRep></spatRepInfo><spdoinfo><ptvctinf><esriterm Name="Parcelles_fetes_20250213"><efeatyp Sync="TRUE">Simple</efeatyp><efeageom code="1" Sync="TRUE"></efeageom><esritopo Sync="TRUE">FALSE</esritopo><efeacnt Sync="TRUE">0</efeacnt><spindex Sync="TRUE">FALSE</spindex><linrefer Sync="TRUE">TRUE</linrefer></esriterm></ptvctinf></spdoinfo><eainfo><detailed Name="Parcelles_fetes_20250213"><enttyp><enttypl Sync="TRUE">Parcelles_fetes_20250213</enttypl><enttypt Sync="TRUE">Feature Class</enttypt><enttypc Sync="TRUE">0</enttypc></enttyp><attr><attrlabl Sync="TRUE">FID</attrlabl><attalias Sync="TRUE">FID</attalias><attrtype Sync="TRUE">OID</attrtype><attwidth Sync="TRUE">4</attwidth><atprecis Sync="TRUE">0</atprecis><attscale Sync="TRUE">0</attscale><attrdef Sync="TRUE">Internal feature number.</attrdef><attrdefs Sync="TRUE">Esri</attrdefs><attrdomv><udom Sync="TRUE">Sequential unique whole numbers that are automatically generated.</udom></attrdomv></attr><attr><attrlabl Sync="TRUE">Shape</attrlabl><attalias Sync="TRUE">Shape</attalias><attrtype Sync="TRUE">Geometry</attrtype><attwidth Sync="TRUE">0</attwidth><atprecis Sync="TRUE">0</atprecis><attscale Sync="TRUE">0</attscale><attrdef Sync="TRUE">Feature geometry.</attrdef><attrdefs Sync="TRUE">Esri</attrdefs><attrdomv><udom Sync="TRUE">Coordinates defining the features.</udom></attrdomv></attr><attr><attrlabl Sync="TRUE">data_geove</attrlabl><attalias Sync="TRUE">data_geove</attalias><attrtype Sync="TRUE">Date</attrtype><attwidth Sync="TRUE">8</attwidth><atprecis Sync="TRUE">0</atprecis><attscale Sync="TRUE">0</attscale></attr><attr><attrlabl Sync="TRUE">data_creaf</attrlabl><attalias Sync="TRUE">data_creaf</attalias><attrtype Sync="TRUE">Date</attrtype><attwidth Sync="TRUE">8</attwidth><atprecis Sync="TRUE">0</atprecis><attscale Sync="TRUE">0</attscale></attr><attr><attrlabl Sync="TRUE">COD_CORINE</attrlabl><attalias Sync="TRUE">COD_CORINE</attalias><attrtype Sync="TRUE">String</attrtype><attwidth Sync="TRUE">20</attwidth><atprecis Sync="TRUE">0</atprecis><attscale Sync="TRUE">0</attscale></attr><attr><attrlabl Sync="TRUE">CORINE_CA</attrlabl><attalias Sync="TRUE">CORINE_CA</attalias><attrtype Sync="TRUE">String</attrtype><attwidth Sync="TRUE">254</attwidth><atprecis Sync="TRUE">0</atprecis><attscale Sync="TRUE">0</attscale></attr><attr><attrlabl Sync="TRUE">COD_HIC</attrlabl><attalias Sync="TRUE">COD_HIC</attalias><attrtype Sync="TRUE">String</attrtype><attwidth Sync="TRUE">6</attwidth><atprecis Sync="TRUE">0</atprecis><attscale Sync="TRUE">0</attscale></attr><attr><attrlabl Sync="TRUE">HIC_CA</attrlabl><attalias Sync="TRUE">HIC_CA</attalias><attrtype Sync="TRUE">String</attrtype><attwidth Sync="TRUE">254</attwidth><atprecis Sync="TRUE">0</atprecis><attscale Sync="TRUE">0</attscale></attr><attr><attrlabl Sync="TRUE">Llista_ver</attrlabl><attalias Sync="TRUE">Llista_ver</attalias><attrtype Sync="TRUE">String</attrtype><attwidth Sync="TRUE">254</attwidth><atprecis Sync="TRUE">0</atprecis><attscale Sync="TRUE">0</attscale></attr><attr><attrlabl Sync="TRUE">Codi_grup</attrlabl><attalias Sync="TRUE">Codi_grup</attalias><attrtype Sync="TRUE">String</attrtype><attwidth Sync="TRUE">254</attwidth><atprecis Sync="TRUE">0</atprecis><attscale Sync="TRUE">0</attscale></attr><attr><attrlabl Sync="TRUE">Arbre_domi</attrlabl><attalias Sync="TRUE">Arbre_domi</attalias><attrtype Sync="TRUE">String</attrtype><attwidth Sync="TRUE">254</attwidth><atprecis Sync="TRUE">0</atprecis><attscale Sync="TRUE">0</attscale></attr><attr><attrlabl Sync="TRUE">Radi_buffe</attrlabl><attalias Sync="TRUE">Radi_buffe</attalias><attrtype Sync="TRUE">Double</attrtype><attwidth Sync="TRUE">19</attwidth><atprecis Sync="TRUE">0</atprecis><attscale Sync="TRUE">0</attscale></attr><attr><attrlabl Sync="TRUE">RegioHIC</attrlabl><attalias Sync="TRUE">RegioHIC</attalias><attrtype Sync="TRUE">String</attrtype><attwidth Sync="TRUE">254</attwidth><atprecis Sync="TRUE">0</atprecis><attscale Sync="TRUE">0</attscale></attr></detailed></eainfo><mdDateSt Sync="TRUE">20260213</mdDateSt></metadata>
